"fold","auc"
1,0
2,0.171428571428571
3,0.0408163265306122
4,0.0476190476190476
5,0.142857142857143
