"protein","coef","fold"
"seq_6518_85",-0.691853551560084,1
"seq_8866_53",-0.574937863823681,5
"seq_11185_145",0.546703558715133,5
